{
  "run": [
    {
      "filePath": "/webapp/test/mockServer.html",
      "previewMode": 1,
      "dataMode": 1,
      "ui5ActiveVersion": null,
      "ui5VerSource": null,
      "workspace": "withoutWorkspace",
      "urlParameters": null,
      "backendSystem": [],
      "_metadata": {
        "runnerId": "qunitrunner",
        "id": 3845925,
        "displayName": "Run mockServer.html",
        "lastRunTimeStamp": 1480317250239
      }
    },
    {
      "filePath": "/webapp/index.html",
      "previewMode": 1,
      "dataMode": 1,
      "ui5ActiveVersion": null,
      "ui5VerSource": null,
      "workspace": "withoutWorkspace",
      "urlParameters": null,
      "backendSystem": [],
      "_metadata": {
        "runnerId": "qunitrunner",
        "id": 7654433,
        "displayName": "Run index.html",
        "lastRunTimeStamp": 1480315207629
      }
    },
    {
      "filePath": "/webapp/test/unit/unitTests.qunit.html",
      "previewMode": 1,
      "dataMode": 1,
      "ui5ActiveVersion": null,
      "ui5VerSource": null,
      "workspace": "withoutWorkspace",
      "urlParameters": null,
      "backendSystem": [],
      "_metadata": {
        "runnerId": "qunitrunner",
        "id": 155758,
        "displayName": "Run unitTests.qunit.html",
        "lastRunTimeStamp": 1480226842999
      }
    }
  ]
}